Type,Name,Request Count,Failure Count,Median Response Time,Average Response Time,Min Response Time,Max Response Time,Average Content Size,Requests/s,Failures/s,50%,66%,75%,80%,90%,95%,98%,99%,99.9%,99.99%,100%
,Aggregated,3871,2,45,86.55611117695676,1.5930639999623963,2148.4292750000122,186.78816843192973,132.99769217234427,0.068714901664864,45,51,57,62,120,390,650,900,1600,2100,2100
