Type,Name,Request Count,Failure Count,Median Response Time,Average Response Time,Min Response Time,Max Response Time,Average Content Size,Requests/s,Failures/s,50%,66%,75%,80%,90%,95%,98%,99%,99.9%,99.99%,100%
,Aggregated,3878,0,44,66.43817008612743,1.54147200009902,1630.9987100000853,177.8024755028365,133.36598718892049,0.0,44,50,56,60,83,280,400,610,1100,1600,1600
