Type,Name,Request Count,Failure Count,Median Response Time,Average Response Time,Min Response Time,Max Response Time,Average Content Size,Requests/s,Failures/s,50%,66%,75%,80%,90%,95%,98%,99%,99.9%,99.99%,100%
,Aggregated,3988,0,45,52.02423901103297,1.5017769997029973,1009.1181689999758,173.81870611835507,137.18358256693392,0.0,45,51,55,58,69,92,260,360,560,1000,1000
