Type,Name,Request Count,Failure Count,Median Response Time,Average Response Time,Min Response Time,Max Response Time,Average Content Size,Requests/s,Failures/s,50%,66%,75%,80%,90%,95%,98%,99%,99.9%,99.99%,100%
,Aggregated,3650,3,49,62.37466398986162,1.519544000075257,1613.3624480003164,183.77479452054794,125.3715766029295,0.1030451314544626,49,58,65,70,87,130,330,380,1200,1600,1600
