Type,Name,Request Count,Failure Count,Median Response Time,Average Response Time,Min Response Time,Max Response Time,Average Content Size,Requests/s,Failures/s,50%,66%,75%,80%,90%,95%,98%,99%,99.9%,99.99%,100%
,Aggregated,3722,0,47,66.25100604916746,1.6176919998542871,1106.042971000079,176.40811391724878,128.14745797264874,0.0,47,56,65,73,130,220,290,410,580,1100,1100
