Type,Name,Request Count,Failure Count,Median Response Time,Average Response Time,Min Response Time,Max Response Time,Average Content Size,Requests/s,Failures/s,50%,66%,75%,80%,90%,95%,98%,99%,99.9%,99.99%,100%
,Aggregated,3969,9,43,51.27941825572775,1.4929939998182817,1118.264697000086,178.53136810279668,136.5443697506907,0.30962442120338024,43,49,53,56,68,92,270,310,730,1100,1100
