Type,Name,Request Count,Failure Count,Median Response Time,Average Response Time,Min Response Time,Max Response Time,Average Content Size,Requests/s,Failures/s,50%,66%,75%,80%,90%,95%,98%,99%,99.9%,99.99%,100%
,Aggregated,3326,0,45,57.68088544708486,1.6022469999370514,1133.6996190002537,177.82531569452797,114.43658280499804,0.0,45,50,55,58,72,150,370,470,810,1100,1100
