Type,Name,Request Count,Failure Count,Median Response Time,Average Response Time,Min Response Time,Max Response Time,Average Content Size,Requests/s,Failures/s,50%,66%,75%,80%,90%,95%,98%,99%,99.9%,99.99%,100%
,Aggregated,3798,0,43,49.323310055291266,1.7767899998943903,507.5516960000641,182.19273301737758,130.59854695571565,0.0,43,48,52,55,66,86,260,340,450,510,510
