Type,Name,Request Count,Failure Count,Median Response Time,Average Response Time,Min Response Time,Max Response Time,Average Content Size,Requests/s,Failures/s,50%,66%,75%,80%,90%,95%,98%,99%,99.9%,99.99%,100%
,Aggregated,3955,1,45,55.91458016308259,1.8533239999669604,1399.0994209998462,186.2376738305942,135.9629959063583,0.034377495804388945,45,51,56,59,70,90,310,390,1200,1400,1400
