Type,Name,Request Count,Failure Count,Median Response Time,Average Response Time,Min Response Time,Max Response Time,Average Content Size,Requests/s,Failures/s,50%,66%,75%,80%,90%,95%,98%,99%,99.9%,99.99%,100%
,Aggregated,3801,4,45,69.26820927361285,1.6219070000715874,1397.3207110000203,178.6414101552223,130.76702852308554,0.13761328968490982,45,52,56,61,87,320,440,590,1100,1400,1400
