Type,Name,Request Count,Failure Count,Median Response Time,Average Response Time,Min Response Time,Max Response Time,Average Content Size,Requests/s,Failures/s,50%,66%,75%,80%,90%,95%,98%,99%,99.9%,99.99%,100%
,Aggregated,3838,0,43,51.80110066935949,1.465968999582401,2772.6570320000974,175.69958311620636,131.95940270063753,0.0,43,48,52,55,65,95,250,300,1600,2800,2800
