Type,Name,Request Count,Failure Count,Median Response Time,Average Response Time,Min Response Time,Max Response Time,Average Content Size,Requests/s,Failures/s,50%,66%,75%,80%,90%,95%,98%,99%,99.9%,99.99%,100%
,Aggregated,3830,0,44,56.7380655412584,1.5925729994705762,629.5751859997836,178.89373368146215,131.37247272713324,0.0,44,50,54,58,75,110,410,460,580,630,630
