Type,Name,Request Count,Failure Count,Median Response Time,Average Response Time,Min Response Time,Max Response Time,Average Content Size,Requests/s,Failures/s,50%,66%,75%,80%,90%,95%,98%,99%,99.9%,99.99%,100%
,Aggregated,3791,0,45,61.14142047532419,1.6729399994801497,701.4376470006027,179.795832234239,130.2624970527186,0.0,45,53,61,69,100,220,280,320,470,700,700
