Type,Name,Request Count,Failure Count,Median Response Time,Average Response Time,Min Response Time,Max Response Time,Average Content Size,Requests/s,Failures/s,50%,66%,75%,80%,90%,95%,98%,99%,99.9%,99.99%,100%
,Aggregated,3535,1,46,57.25059103931909,1.5470259995709057,1193.7325110002348,179.28260254596887,121.45332902911541,0.03435737737740181,46,52,56,60,72,110,390,450,700,1200,1200
