Type,Name,Request Count,Failure Count,Median Response Time,Average Response Time,Min Response Time,Max Response Time,Average Content Size,Requests/s,Failures/s,50%,66%,75%,80%,90%,95%,98%,99%,99.9%,99.99%,100%
,Aggregated,3968,1,42,49.72450261390701,1.5304610005841823,1602.6031540004624,181.84475806451613,136.41603723591817,0.03437904164211648,42,48,52,55,67,97,250,280,730,1600,1600
