Type,Name,Request Count,Failure Count,Median Response Time,Average Response Time,Min Response Time,Max Response Time,Average Content Size,Requests/s,Failures/s,50%,66%,75%,80%,90%,95%,98%,99%,99.9%,99.99%,100%
,Aggregated,3825,99,45,55.59760659685748,1.4913350005372195,626.8138630002795,169.880522875817,131.2380762099699,3.396750207787456,45,51,56,59,71,110,390,520,620,630,630
