Type,Name,Request Count,Failure Count,Median Response Time,Average Response Time,Min Response Time,Max Response Time,Average Content Size,Requests/s,Failures/s,50%,66%,75%,80%,90%,95%,98%,99%,99.9%,99.99%,100%
,Aggregated,3928,0,44,51.52497455396768,1.564711999890278,2367.2440299997106,180.93024439918534,135.0742373151188,0.0,44,50,54,58,69,100,260,320,600,2400,2400
