Type,Name,Request Count,Failure Count,Median Response Time,Average Response Time,Min Response Time,Max Response Time,Average Content Size,Requests/s,Failures/s,50%,66%,75%,80%,90%,95%,98%,99%,99.9%,99.99%,100%
,Aggregated,3689,0,42,64.5664265356461,1.5129439998418093,1331.3871049999761,181.44402277039848,126.87067805507014,0.0,42,47,52,55,75,300,440,580,1100,1300,1300
