Type,Name,Request Count,Failure Count,Median Response Time,Average Response Time,Min Response Time,Max Response Time,Average Content Size,Requests/s,Failures/s,50%,66%,75%,80%,90%,95%,98%,99%,99.9%,99.99%,100%
,Aggregated,3887,0,44,66.49300353125705,1.5748920000078215,1509.7888089999287,183.36454849498327,133.41206001756447,0.0,44,49,54,58,80,300,420,600,1100,1500,1500
