Type,Name,Request Count,Failure Count,Median Response Time,Average Response Time,Min Response Time,Max Response Time,Average Content Size,Requests/s,Failures/s,50%,66%,75%,80%,90%,95%,98%,99%,99.9%,99.99%,100%
,Aggregated,3912,2,42,73.31812743481532,1.6270979999717383,1397.3634330000095,187.6042944785276,134.44608949447172,0.06873521957795078,42,47,52,57,79,350,610,840,1100,1400,1400
