Type,Name,Request Count,Failure Count,Median Response Time,Average Response Time,Min Response Time,Max Response Time,Average Content Size,Requests/s,Failures/s,50%,66%,75%,80%,90%,95%,98%,99%,99.9%,99.99%,100%
,Aggregated,3728,1,43,69.19612943186826,1.588576999893121,1600.6021539999438,188.85488197424894,128.26968647383214,0.0344071047408348,43,49,54,58,73,300,540,700,1300,1600,1600
