Type,Name,Request Count,Failure Count,Median Response Time,Average Response Time,Min Response Time,Max Response Time,Average Content Size,Requests/s,Failures/s,50%,66%,75%,80%,90%,95%,98%,99%,99.9%,99.99%,100%
,Aggregated,3811,0,44,72.6165331359219,1.5179439999428723,3121.411857000112,177.72631855156126,130.8045549253161,0.0,44,49,54,58,75,300,510,790,1600,3100,3100
