Type,Name,Request Count,Failure Count,Median Response Time,Average Response Time,Min Response Time,Max Response Time,Average Content Size,Requests/s,Failures/s,50%,66%,75%,80%,90%,95%,98%,99%,99.9%,99.99%,100%
,Aggregated,3803,3,44,70.98213314541104,1.434206000112681,1249.7557320000396,185.39863265842754,130.69703966983954,0.10310047830910296,44,51,57,62,94,310,460,670,1100,1200,1200
