Type,Name,Request Count,Failure Count,Median Response Time,Average Response Time,Min Response Time,Max Response Time,Average Content Size,Requests/s,Failures/s,50%,66%,75%,80%,90%,95%,98%,99%,99.9%,99.99%,100%
,Aggregated,3948,3,43,63.64278255800441,1.4405700001134392,1137.0523380001032,178.6838905775076,135.5827892591189,0.1030264356072332,43,48,53,57,75,270,470,550,870,1100,1100
