Type,Name,Request Count,Failure Count,Median Response Time,Average Response Time,Min Response Time,Max Response Time,Average Content Size,Requests/s,Failures/s,50%,66%,75%,80%,90%,95%,98%,99%,99.9%,99.99%,100%
,Aggregated,3867,1,46,67.19925784225303,1.4202240001850441,1136.2850160001017,178.0331005947763,133.02517188528907,0.034400096168939506,46,52,57,61,83,240,370,730,1100,1100,1100
