Type,Name,Request Count,Failure Count,Median Response Time,Average Response Time,Min Response Time,Max Response Time,Average Content Size,Requests/s,Failures/s,50%,66%,75%,80%,90%,95%,98%,99%,99.9%,99.99%,100%
,Aggregated,3885,2,44,76.26584086151858,1.5209279999908176,1622.7899800001069,191.76499356499357,133.5132005943519,0.06873266439863675,44,50,55,59,83,320,610,880,1300,1600,1600
