Type,Name,Request Count,Failure Count,Median Response Time,Average Response Time,Min Response Time,Max Response Time,Average Content Size,Requests/s,Failures/s,50%,66%,75%,80%,90%,95%,98%,99%,99.9%,99.99%,100%
,Aggregated,3930,0,45,66.62795178753157,1.4526820000355656,1135.7848129998729,177.6679389312977,135.08344666832255,0.0,45,51,57,61,80,280,460,580,1100,1100,1100
