Type,Name,Request Count,Failure Count,Median Response Time,Average Response Time,Min Response Time,Max Response Time,Average Content Size,Requests/s,Failures/s,50%,66%,75%,80%,90%,95%,98%,99%,99.9%,99.99%,100%
,Aggregated,3720,1,44,63.15000006935317,1.5824919998976839,1101.7100489998484,171.15860215053763,127.92407165438526,0.03438819130494227,44,49,53,57,73,250,430,580,910,1100,1100
