Type,Name,Request Count,Failure Count,Median Response Time,Average Response Time,Min Response Time,Max Response Time,Average Content Size,Requests/s,Failures/s,50%,66%,75%,80%,90%,95%,98%,99%,99.9%,99.99%,100%
,Aggregated,3951,2,43,68.50511976993366,1.4449689999764814,1486.3691259999996,195.53176411035182,135.86034650502256,0.06877263806885475,43,48,52,55,67,250,580,850,1300,1500,1500
