Type,Name,Request Count,Failure Count,Median Response Time,Average Response Time,Min Response Time,Max Response Time,Average Content Size,Requests/s,Failures/s,50%,66%,75%,80%,90%,95%,98%,99%,99.9%,99.99%,100%
,Aggregated,3721,0,44,78.53983558290471,1.5284159999282565,3085.2024129999336,176.70733673743618,127.86466952720656,0.0,44,50,55,59,75,260,620,1200,1800,3100,3100
