Type,Name,Request Count,Failure Count,Median Response Time,Average Response Time,Min Response Time,Max Response Time,Average Content Size,Requests/s,Failures/s,50%,66%,75%,80%,90%,95%,98%,99%,99.9%,99.99%,100%
,Aggregated,3896,8,42,84.20401813937112,1.577719000124489,2141.154981999989,186.92530800821356,133.84863667398832,0.27484319645582816,42,48,53,56,70,360,800,1200,2100,2100,2100
