Type,Name,Request Count,Failure Count,Median Response Time,Average Response Time,Min Response Time,Max Response Time,Average Content Size,Requests/s,Failures/s,50%,66%,75%,80%,90%,95%,98%,99%,99.9%,99.99%,100%
,Aggregated,3730,0,44,67.7339276705092,1.4953799998238537,1217.9918350000207,181.5538873994638,128.22082581395216,0.0,44,50,55,60,80,280,490,620,1100,1200,1200
