Type,Name,Request Count,Failure Count,Median Response Time,Average Response Time,Min Response Time,Max Response Time,Average Content Size,Requests/s,Failures/s,50%,66%,75%,80%,90%,95%,98%,99%,99.9%,99.99%,100%
,Aggregated,3806,1,43,104.8437550956389,1.5696479999860458,2052.26239000001,186.58486600105098,130.78292926471195,0.03436230406324539,43,49,56,61,110,420,1200,1700,2000,2100,2100
