Type,Name,Request Count,Failure Count,Median Response Time,Average Response Time,Min Response Time,Max Response Time,Average Content Size,Requests/s,Failures/s,50%,66%,75%,80%,90%,95%,98%,99%,99.9%,99.99%,100%
,Aggregated,3470,0,47,158.34465986513007,1.6114699999434379,4643.115500000022,174.44351585014408,119.11638284035806,0.0,47,55,61,68,100,580,2600,3600,4600,4600,4600
