Type,Name,Request Count,Failure Count,Median Response Time,Average Response Time,Min Response Time,Max Response Time,Average Content Size,Requests/s,Failures/s,50%,66%,75%,80%,90%,95%,98%,99%,99.9%,99.99%,100%
,Aggregated,3450,8,45,70.11326837362228,1.4527959999668383,1765.194989000065,170.6991304347826,118.62359677488004,0.2750692099127653,45,51,57,62,89,250,450,700,1600,1800,1800
