Type,Name,Request Count,Failure Count,Median Response Time,Average Response Time,Min Response Time,Max Response Time,Average Content Size,Requests/s,Failures/s,50%,66%,75%,80%,90%,95%,98%,99%,99.9%,99.99%,100%
,Aggregated,3981,1,44,62.24770122883714,1.4389170000868035,1455.4729989999942,183.66264757598594,137.03404592903482,0.03442201605853676,44,49,54,58,75,230,390,490,1100,1500,1500
