Type,Name,Request Count,Failure Count,Median Response Time,Average Response Time,Min Response Time,Max Response Time,Average Content Size,Requests/s,Failures/s,50%,66%,75%,80%,90%,95%,98%,99%,99.9%,99.99%,100%
,Aggregated,3276,1,44,198.07820456898753,1.5148859999953856,5129.8471590000645,167.12851037851038,112.65236846725357,0.03438716986179901,44,53,65,78,230,1200,2700,4100,5100,5100,5100
