Type,Name,Request Count,Failure Count,Median Response Time,Average Response Time,Min Response Time,Max Response Time,Average Content Size,Requests/s,Failures/s,50%,66%,75%,80%,90%,95%,98%,99%,99.9%,99.99%,100%
,Aggregated,3695,2,42,69.32299192530758,1.703265000060128,2110.1128810000773,179.50067658998645,127.09519938055952,0.06879307138325279,42,47,51,54,73,250,590,750,1600,2100,2100
