Type,Name,Request Count,Failure Count,Median Response Time,Average Response Time,Min Response Time,Max Response Time,Average Content Size,Requests/s,Failures/s,50%,66%,75%,80%,90%,95%,98%,99%,99.9%,99.99%,100%
,Aggregated,3849,0,42,65.61246215744363,1.5749589999813907,1517.2647990000314,181.26292543517798,132.24098007242395,0.0,42,47,50,53,72,240,470,660,1400,1500,1500
