Type,Name,Request Count,Failure Count,Median Response Time,Average Response Time,Min Response Time,Max Response Time,Average Content Size,Requests/s,Failures/s,50%,66%,75%,80%,90%,95%,98%,99%,99.9%,99.99%,100%
,Aggregated,3676,2,43,68.18840339227506,1.5371069998764142,1154.2221280001286,174.83460282916212,126.13772369595293,0.06862770603697113,43,48,53,56,75,310,500,610,1100,1200,1200
