Type,Name,Request Count,Failure Count,Median Response Time,Average Response Time,Min Response Time,Max Response Time,Average Content Size,Requests/s,Failures/s,50%,66%,75%,80%,90%,95%,98%,99%,99.9%,99.99%,100%
,Aggregated,3932,2,44,60.410913361647566,1.530737999928533,1291.25006199979,186.17319430315362,135.2117486556756,0.06877505018091332,44,49,53,56,67,160,330,600,1300,1300,1300
