Type,Name,Request Count,Failure Count,Median Response Time,Average Response Time,Min Response Time,Max Response Time,Average Content Size,Requests/s,Failures/s,50%,66%,75%,80%,90%,95%,98%,99%,99.9%,99.99%,100%
,Aggregated,3873,0,43,63.14612810043754,1.5616390001014224,1283.4506599999713,180.44410018073845,133.34874234533325,0.0,43,49,54,59,78,210,440,540,1200,1300,1300
