Type,Name,Request Count,Failure Count,Median Response Time,Average Response Time,Min Response Time,Max Response Time,Average Content Size,Requests/s,Failures/s,50%,66%,75%,80%,90%,95%,98%,99%,99.9%,99.99%,100%
,Aggregated,3950,99,41,60.01943656734142,1.5791619998708484,1549.1168359999392,185.5073417721519,135.70620699887846,3.401244175414928,41,47,52,56,78,230,430,480,1100,1500,1500
