Type,Name,Request Count,Failure Count,Median Response Time,Average Response Time,Min Response Time,Max Response Time,Average Content Size,Requests/s,Failures/s,50%,66%,75%,80%,90%,95%,98%,99%,99.9%,99.99%,100%
,Aggregated,3804,1,43,64.58573827681164,1.6259639999134379,1497.8654310000366,184.6995268138801,130.4054013722343,0.03428112549217516,43,49,55,60,80,170,430,520,1400,1500,1500
