Type,Name,Request Count,Failure Count,Median Response Time,Average Response Time,Min Response Time,Max Response Time,Average Content Size,Requests/s,Failures/s,50%,66%,75%,80%,90%,95%,98%,99%,99.9%,99.99%,100%
,Aggregated,3458,8,43,73.22153609225317,1.5482039998460095,2097.356209000054,175.8183921341816,118.89072371973063,0.2750508356731767,44,49,55,59,83,240,550,760,1900,2100,2100
