Type,Name,Request Count,Failure Count,Median Response Time,Average Response Time,Min Response Time,Max Response Time,Average Content Size,Requests/s,Failures/s,50%,66%,75%,80%,90%,95%,98%,99%,99.9%,99.99%,100%
,Aggregated,3850,0,44,67.13880354441733,1.4822039997852698,2085.5841029997464,174.83948051948053,132.37369870019972,0.0,44,50,56,60,81,230,500,610,1100,2100,2100
