Type,Name,Request Count,Failure Count,Median Response Time,Average Response Time,Min Response Time,Max Response Time,Average Content Size,Requests/s,Failures/s,50%,66%,75%,80%,90%,95%,98%,99%,99.9%,99.99%,100%
,Aggregated,3855,0,46,84.56858645550793,1.4928850000615057,5643.762988999697,176.70739299610895,132.5514095484774,0.0,46,53,60,65,120,260,490,1100,3700,5600,5600
