Type,Name,Request Count,Failure Count,Median Response Time,Average Response Time,Min Response Time,Max Response Time,Average Content Size,Requests/s,Failures/s,50%,66%,75%,80%,90%,95%,98%,99%,99.9%,99.99%,100%
,Aggregated,3866,5,45,66.3297445276802,1.5083590001268021,2133.4012110000913,177.86057941024313,132.92830719102795,0.17191969372869625,45,51,57,61,75,170,350,780,1800,2100,2100
