Type,Name,Request Count,Failure Count,Median Response Time,Average Response Time,Min Response Time,Max Response Time,Average Content Size,Requests/s,Failures/s,50%,66%,75%,80%,90%,95%,98%,99%,99.9%,99.99%,100%
,Aggregated,3929,20,43,56.75565566199995,1.4829709998593898,1141.7105699997592,180.2087045049631,134.81453813229976,0.6862536937251197,43,48,53,57,73,160,350,410,930,1100,1100
