Type,Name,Request Count,Failure Count,Median Response Time,Average Response Time,Min Response Time,Max Response Time,Average Content Size,Requests/s,Failures/s,50%,66%,75%,80%,90%,95%,98%,99%,99.9%,99.99%,100%
,Aggregated,3888,3,44,59.7034251754109,1.662849000240385,1145.7517949997964,179.98070987654322,133.63480637534107,0.10311327652418292,44,49,54,57,75,160,360,550,1100,1100,1100
