Type,Name,Request Count,Failure Count,Median Response Time,Average Response Time,Min Response Time,Max Response Time,Average Content Size,Requests/s,Failures/s,50%,66%,75%,80%,90%,95%,98%,99%,99.9%,99.99%,100%
,Aggregated,3928,4,44,62.274842748974635,1.375256000301306,1546.8848560003607,177.79226069246437,134.5871964427446,0.13705417153028981,44,51,56,60,75,160,370,460,1400,1500,1500
