Type,Name,Request Count,Failure Count,Median Response Time,Average Response Time,Min Response Time,Max Response Time,Average Content Size,Requests/s,Failures/s,50%,66%,75%,80%,90%,95%,98%,99%,99.9%,99.99%,100%
,Aggregated,3881,0,44,57.50319998634788,1.594618000126502,1158.1331140000657,171.4782272610152,133.2727637357452,0.0,44,51,56,59,72,150,320,390,1100,1200,1200
