Type,Name,Request Count,Failure Count,Median Response Time,Average Response Time,Min Response Time,Max Response Time,Average Content Size,Requests/s,Failures/s,50%,66%,75%,80%,90%,95%,98%,99%,99.9%,99.99%,100%
,Aggregated,3877,0,45,74.14108342868187,1.3561580000214235,1165.8674400000564,183.2801134898117,133.3112658582575,0.0,45,51,56,60,90,340,560,620,1100,1200,1200
