Type,Name,Request Count,Failure Count,Median Response Time,Average Response Time,Min Response Time,Max Response Time,Average Content Size,Requests/s,Failures/s,50%,66%,75%,80%,90%,95%,98%,99%,99.9%,99.99%,100%
,Aggregated,3931,18,45,57.92555326379669,1.4533240000673686,971.4364030000979,174.4421266853218,135.01451905208523,0.6182297997805989,45,51,56,59,75,150,330,420,740,970,970
