Type,Name,Request Count,Failure Count,Median Response Time,Average Response Time,Min Response Time,Max Response Time,Average Content Size,Requests/s,Failures/s,50%,66%,75%,80%,90%,95%,98%,99%,99.9%,99.99%,100%
,Aggregated,3939,0,44,60.1319268943826,1.7513220000182628,1562.28616899989,181.3980705762884,135.46055531325348,0.0,44,49,54,57,71,140,420,500,1100,1600,1600
