Type,Name,Request Count,Failure Count,Median Response Time,Average Response Time,Min Response Time,Max Response Time,Average Content Size,Requests/s,Failures/s,50%,66%,75%,80%,90%,95%,98%,99%,99.9%,99.99%,100%
,Aggregated,4000,12,43,52.632280221753575,1.5223099999275291,1385.6179009999323,185.46175,137.6005133301621,0.4128015399904863,43,48,54,57,68,110,300,350,920,1400,1400
