Type,Name,Request Count,Failure Count,Median Response Time,Average Response Time,Min Response Time,Max Response Time,Average Content Size,Requests/s,Failures/s,50%,66%,75%,80%,90%,95%,98%,99%,99.9%,99.99%,100%
,Aggregated,3850,3,44,62.60441616207604,1.3759319999735453,1045.2941720000126,182.32857142857142,132.51192273863168,0.10325604369244028,44,51,57,61,93,220,310,440,940,1000,1000
