Type,Name,Request Count,Failure Count,Median Response Time,Average Response Time,Min Response Time,Max Response Time,Average Content Size,Requests/s,Failures/s,50%,66%,75%,80%,90%,95%,98%,99%,99.9%,99.99%,100%
,Aggregated,3941,29,44,56.19803415046907,1.4395190000868752,1895.7130190001408,178.23445825932504,135.30994299305777,0.9956834171019222,44,49,54,57,69,130,320,410,1200,1900,1900
