Type,Name,Request Count,Failure Count,Median Response Time,Average Response Time,Min Response Time,Max Response Time,Average Content Size,Requests/s,Failures/s,50%,66%,75%,80%,90%,95%,98%,99%,99.9%,99.99%,100%
,Aggregated,3962,45,43,56.69613641696099,1.6266500001620443,1111.1941650001427,178.20949015648662,136.24681152969237,1.5474776675507713,44,49,54,56,69,120,380,480,870,1100,1100
