Type,Name,Request Count,Failure Count,Median Response Time,Average Response Time,Min Response Time,Max Response Time,Average Content Size,Requests/s,Failures/s,50%,66%,75%,80%,90%,95%,98%,99%,99.9%,99.99%,100%
,Aggregated,3737,37,44,55.97331060288887,1.6605770001660858,1515.5369690000953,178.94032646507895,128.27045375510616,1.2700044926248135,44,51,55,59,72,120,370,440,630,1500,1500
