Type,Name,Request Count,Failure Count,Median Response Time,Average Response Time,Min Response Time,Max Response Time,Average Content Size,Requests/s,Failures/s,50%,66%,75%,80%,90%,95%,98%,99%,99.9%,99.99%,100%
,Aggregated,3759,2,44,54.15607991673496,1.4226350003809785,1397.414438999931,172.5315243415802,129.15542361991788,0.06871796947056019,44,49,54,57,68,120,300,350,1100,1400,1400
