Type,Name,Request Count,Failure Count,Median Response Time,Average Response Time,Min Response Time,Max Response Time,Average Content Size,Requests/s,Failures/s,50%,66%,75%,80%,90%,95%,98%,99%,99.9%,99.99%,100%
,Aggregated,3787,46,44,64.86906447794979,1.560235999932047,1501.5595730001223,177.52231317665698,130.12109295421934,1.5805572421162104,44,51,56,60,74,170,480,610,1100,1500,1500
