Type,Name,Request Count,Failure Count,Median Response Time,Average Response Time,Min Response Time,Max Response Time,Average Content Size,Requests/s,Failures/s,50%,66%,75%,80%,90%,95%,98%,99%,99.9%,99.99%,100%
,Aggregated,3992,1,44,53.83206517285045,1.5337159998125571,1107.2060599999531,180.22369739478958,137.27605360557874,0.03438778897935339,44,50,55,59,72,120,300,370,880,1100,1100
