Type,Name,Request Count,Failure Count,Median Response Time,Average Response Time,Min Response Time,Max Response Time,Average Content Size,Requests/s,Failures/s,50%,66%,75%,80%,90%,95%,98%,99%,99.9%,99.99%,100%
,Aggregated,3667,1,42,72.5456495535872,1.5560450000293713,1383.901814000069,190.40905372238888,126.09428765599804,0.03438622515843961,42,48,52,56,81,320,590,680,1300,1400,1400
