Type,Name,Request Count,Failure Count,Median Response Time,Average Response Time,Min Response Time,Max Response Time,Average Content Size,Requests/s,Failures/s,50%,66%,75%,80%,90%,95%,98%,99%,99.9%,99.99%,100%
,Aggregated,3942,13,42,52.820419742770575,1.5931959997033118,1189.0803320002306,177.92237442922374,135.4566842462169,0.44671154114683403,42,48,52,54,65,100,280,460,920,1200,1200
