Type,Name,Request Count,Failure Count,Median Response Time,Average Response Time,Min Response Time,Max Response Time,Average Content Size,Requests/s,Failures/s,50%,66%,75%,80%,90%,95%,98%,99%,99.9%,99.99%,100%
,Aggregated,3982,0,43,62.52578626971147,1.524527000128728,1608.1505550000657,187.44625816172777,136.2055624656682,0.0,43,49,54,57,69,170,450,610,1200,1600,1600
