Type,Name,Request Count,Failure Count,Median Response Time,Average Response Time,Min Response Time,Max Response Time,Average Content Size,Requests/s,Failures/s,50%,66%,75%,80%,90%,95%,98%,99%,99.9%,99.99%,100%
,Aggregated,3859,2,44,67.07895111634757,1.6573579996475019,1225.9502130000328,178.75874578906453,132.72642203895285,0.0687879875817325,44,50,55,59,92,250,440,590,1200,1200,1200
