Type,Name,Request Count,Failure Count,Median Response Time,Average Response Time,Min Response Time,Max Response Time,Average Content Size,Requests/s,Failures/s,50%,66%,75%,80%,90%,95%,98%,99%,99.9%,99.99%,100%
,Aggregated,3958,3,43,58.854811547750074,1.8249550003019976,1274.8076399998354,183.8865588681152,135.96851103926969,0.10305849750323626,43,49,53,57,69,120,470,550,920,1300,1300
