Type,Name,Request Count,Failure Count,Median Response Time,Average Response Time,Min Response Time,Max Response Time,Average Content Size,Requests/s,Failures/s,50%,66%,75%,80%,90%,95%,98%,99%,99.9%,99.99%,100%
,Aggregated,3900,0,44,54.25179072795101,1.4477670001724618,705.9991490000357,178.53102564102565,133.91399841560587,0.0,44,49,53,56,68,110,360,440,610,710,710
