Type,Name,Request Count,Failure Count,Median Response Time,Average Response Time,Min Response Time,Max Response Time,Average Content Size,Requests/s,Failures/s,50%,66%,75%,80%,90%,95%,98%,99%,99.9%,99.99%,100%
,Aggregated,3756,1,43,58.08915486527971,1.6021510000427952,804.1617419999056,176.78168264110755,129.23258926442608,0.03440697264761078,43,49,53,56,74,170,390,470,770,800,800
