Type,Name,Request Count,Failure Count,Median Response Time,Average Response Time,Min Response Time,Max Response Time,Average Content Size,Requests/s,Failures/s,50%,66%,75%,80%,90%,95%,98%,99%,99.9%,99.99%,100%
,Aggregated,3649,4,44,90.39600854727206,1.4910449999661068,5383.453465999992,175.43600986571664,125.3521367411324,0.13740985118238683,44,49,53,57,74,340,1000,1300,1700,5400,5400
