Type,Name,Request Count,Failure Count,Median Response Time,Average Response Time,Min Response Time,Max Response Time,Average Content Size,Requests/s,Failures/s,50%,66%,75%,80%,90%,95%,98%,99%,99.9%,99.99%,100%
,Aggregated,3946,0,45,56.78472969716354,1.5076469999257824,951.25709299964,182.27420172326407,135.55395776868806,0.0,45,50,54,58,71,110,370,480,920,950,950
