Type,Name,Request Count,Failure Count,Median Response Time,Average Response Time,Min Response Time,Max Response Time,Average Content Size,Requests/s,Failures/s,50%,66%,75%,80%,90%,95%,98%,99%,99.9%,99.99%,100%
,Aggregated,3751,1,44,78.26899897734093,1.386765999995987,1831.2991500000635,171.84430818448413,128.79933323273022,0.03433733224013069,44,50,54,58,82,390,600,830,1300,1800,1800
