Type,Name,Request Count,Failure Count,Median Response Time,Average Response Time,Min Response Time,Max Response Time,Average Content Size,Requests/s,Failures/s,50%,66%,75%,80%,90%,95%,98%,99%,99.9%,99.99%,100%
,Aggregated,3990,0,42,59.46054757142786,1.6011119996619527,1702.3228709999785,184.11829573934838,137.18778369065106,0.0,42,47,51,54,65,120,360,500,1700,1700,1700
