Type,Name,Request Count,Failure Count,Median Response Time,Average Response Time,Min Response Time,Max Response Time,Average Content Size,Requests/s,Failures/s,50%,66%,75%,80%,90%,95%,98%,99%,99.9%,99.99%,100%
,Aggregated,3800,29,42,52.38786386526882,1.4655840000159515,1676.3620839997202,175.24736842105264,130.72141827133856,0.997610823649689,42,47,51,55,66,98,290,400,1200,1700,1700
