Type,Name,Request Count,Failure Count,Median Response Time,Average Response Time,Min Response Time,Max Response Time,Average Content Size,Requests/s,Failures/s,50%,66%,75%,80%,90%,95%,98%,99%,99.9%,99.99%,100%
,Aggregated,3988,0,43,55.317281639915365,1.473285000429314,872.9630410002756,174.71865596790371,137.15429472038656,0.0,43,49,54,58,71,120,320,410,830,870,870
