Type,Name,Request Count,Failure Count,Median Response Time,Average Response Time,Min Response Time,Max Response Time,Average Content Size,Requests/s,Failures/s,50%,66%,75%,80%,90%,95%,98%,99%,99.9%,99.99%,100%
,Aggregated,3454,0,45,64.43072644990981,1.4402320002773195,1172.204646999944,162.89085118702954,118.66886309050628,0.0,45,53,59,64,92,250,360,400,780,1200,1200
