Type,Name,Request Count,Failure Count,Median Response Time,Average Response Time,Min Response Time,Max Response Time,Average Content Size,Requests/s,Failures/s,50%,66%,75%,80%,90%,95%,98%,99%,99.9%,99.99%,100%
,Aggregated,3862,5,44,53.54404256214097,1.588944000104675,1118.0089859999498,175.004401864319,132.68930769437824,0.1717883320745446,44,50,54,58,71,110,330,400,730,1100,1100
