Type,Name,Request Count,Failure Count,Median Response Time,Average Response Time,Min Response Time,Max Response Time,Average Content Size,Requests/s,Failures/s,50%,66%,75%,80%,90%,95%,98%,99%,99.9%,99.99%,100%
,Aggregated,3935,1,44,52.60142502490804,1.569337000091764,1114.0355219999947,178.57712833545108,135.23589184505326,0.0343674439250453,44,50,55,58,72,120,260,300,910,1100,1100
