Type,Name,Request Count,Failure Count,Median Response Time,Average Response Time,Min Response Time,Max Response Time,Average Content Size,Requests/s,Failures/s,50%,66%,75%,80%,90%,95%,98%,99%,99.9%,99.99%,100%
,Aggregated,3349,2,44,57.77859225231427,1.5561410000373144,1206.4522330001637,170.76410868916093,115.13252180755823,0.06875635820099028,44,51,56,60,82,150,310,360,1100,1200,1200
