Type,Name,Request Count,Failure Count,Median Response Time,Average Response Time,Min Response Time,Max Response Time,Average Content Size,Requests/s,Failures/s,50%,66%,75%,80%,90%,95%,98%,99%,99.9%,99.99%,100%
,Aggregated,3604,2,43,56.35047234461974,1.686185999915324,1382.345591000103,178.44644839067703,123.81751516686113,0.06871116268971206,43,49,53,56,70,110,360,460,1300,1400,1400
