Type,Name,Request Count,Failure Count,Median Response Time,Average Response Time,Min Response Time,Max Response Time,Average Content Size,Requests/s,Failures/s,50%,66%,75%,80%,90%,95%,98%,99%,99.9%,99.99%,100%
,Aggregated,3720,2,44,52.72457250887456,1.5980660000423086,1105.581551999876,178.41209677419354,127.89171005608566,0.06875898390112133,44,49,54,58,71,100,310,370,600,1100,1100
