Type,Name,Request Count,Failure Count,Median Response Time,Average Response Time,Min Response Time,Max Response Time,Average Content Size,Requests/s,Failures/s,50%,66%,75%,80%,90%,95%,98%,99%,99.9%,99.99%,100%
,Aggregated,3937,3,43,65.20345918440366,1.4375960001871135,1112.228709999954,189.06731013462027,135.31030665739522,0.10310665988625493,43,48,52,55,72,300,450,620,990,1100,1100
