Type,Name,Request Count,Failure Count,Median Response Time,Average Response Time,Min Response Time,Max Response Time,Average Content Size,Requests/s,Failures/s,50%,66%,75%,80%,90%,95%,98%,99%,99.9%,99.99%,100%
,Aggregated,4034,1,44,55.79203867873535,1.5839190000406234,3630.1081309998153,180.14005949429847,138.58289942451782,0.034353718250995986,44,50,55,58,72,100,220,270,2100,3600,3600
