Type,Name,Request Count,Failure Count,Median Response Time,Average Response Time,Min Response Time,Max Response Time,Average Content Size,Requests/s,Failures/s,50%,66%,75%,80%,90%,95%,98%,99%,99.9%,99.99%,100%
,Aggregated,3828,0,44,57.99768784665546,1.4064160000089032,1622.6108609998846,177.56948798328108,131.6610611491736,0.0,44,50,54,57,71,110,370,440,1100,1600,1600
