Type,Name,Request Count,Failure Count,Median Response Time,Average Response Time,Min Response Time,Max Response Time,Average Content Size,Requests/s,Failures/s,50%,66%,75%,80%,90%,95%,98%,99%,99.9%,99.99%,100%
,Aggregated,3922,5,43,52.59193361754169,1.4699470002597081,1121.0798140000406,174.5792962774095,134.8696337516605,0.1719398696477059,43,48,52,55,68,100,300,390,1100,1100,1100
