Type,Name,Request Count,Failure Count,Median Response Time,Average Response Time,Min Response Time,Max Response Time,Average Content Size,Requests/s,Failures/s,50%,66%,75%,80%,90%,95%,98%,99%,99.9%,99.99%,100%
,Aggregated,3735,1,46,73.13758185595447,1.5704850002293824,1138.7145230000897,173.5938420348059,128.37079366253113,0.034369690404961475,46,54,62,68,89,180,720,820,1000,1100,1100
