Type,Name,Request Count,Failure Count,Median Response Time,Average Response Time,Min Response Time,Max Response Time,Average Content Size,Requests/s,Failures/s,50%,66%,75%,80%,90%,95%,98%,99%,99.9%,99.99%,100%
,Aggregated,3898,18,49,64.96999615598226,1.5308309998545155,1586.069592000058,176.1659825551565,133.95160951949154,0.6185554056826187,49,59,66,72,100,160,290,590,1100,1600,1600
