Type,Name,Request Count,Failure Count,Median Response Time,Average Response Time,Min Response Time,Max Response Time,Average Content Size,Requests/s,Failures/s,50%,66%,75%,80%,90%,95%,98%,99%,99.9%,99.99%,100%
,Aggregated,3880,0,48,61.28894163943248,1.5661100001125305,1416.9805030001044,186.925,133.18932516241705,0.0,48,56,63,69,90,140,270,340,1200,1400,1400
