Type,Name,Request Count,Failure Count,Median Response Time,Average Response Time,Min Response Time,Max Response Time,Average Content Size,Requests/s,Failures/s,50%,66%,75%,80%,90%,95%,98%,99%,99.9%,99.99%,100%
,Aggregated,3948,1,50,64.58446593186638,1.4847350003037718,2001.2699009998869,180.13677811550153,135.65281104528674,0.03435988121714457,50,59,66,72,100,150,380,450,900,2000,2000
