Type,Name,Request Count,Failure Count,Median Response Time,Average Response Time,Min Response Time,Max Response Time,Average Content Size,Requests/s,Failures/s,50%,66%,75%,80%,90%,95%,98%,99%,99.9%,99.99%,100%
,Aggregated,3731,3,47,64.90743203215905,1.6231999998126412,1575.9489209999629,174.88180112570356,128.32437281183527,0.10318228851125859,47,55,61,67,89,150,350,460,1300,1600,1600
