Type,Name,Request Count,Failure Count,Median Response Time,Average Response Time,Min Response Time,Max Response Time,Average Content Size,Requests/s,Failures/s,50%,66%,75%,80%,90%,95%,98%,99%,99.9%,99.99%,100%
,Aggregated,3798,0,45,63.82137736440269,1.5175980001913558,2242.369913999937,179.5394944707741,130.34714776522415,0.0,45,52,57,61,78,160,440,490,1500,2200,2200
