Type,Name,Request Count,Failure Count,Median Response Time,Average Response Time,Min Response Time,Max Response Time,Average Content Size,Requests/s,Failures/s,50%,66%,75%,80%,90%,95%,98%,99%,99.9%,99.99%,100%
,Aggregated,3446,0,44,57.21901607921562,1.6352329998881032,1926.6840039999806,167.64712710388858,118.27858835827922,0.0,44,50,56,61,78,140,280,350,1200,1900,1900
