Type,Name,Request Count,Failure Count,Median Response Time,Average Response Time,Min Response Time,Max Response Time,Average Content Size,Requests/s,Failures/s,50%,66%,75%,80%,90%,95%,98%,99%,99.9%,99.99%,100%
,Aggregated,3932,2,46,75.9314381548826,1.549183999941306,2588.309162000087,182.31943031536113,135.35678939407052,0.06884882471722814,46,53,58,64,99,310,590,750,1600,2600,2600
