Type,Name,Request Count,Failure Count,Median Response Time,Average Response Time,Min Response Time,Max Response Time,Average Content Size,Requests/s,Failures/s,50%,66%,75%,80%,90%,95%,98%,99%,99.9%,99.99%,100%
,Aggregated,3785,1,44,56.38870201585064,1.5649110000595101,3116.3383799998883,167.7128137384412,130.2391415504138,0.0344092844254726,44,50,55,59,72,100,230,350,2700,3100,3100
