Type,Name,Request Count,Failure Count,Median Response Time,Average Response Time,Min Response Time,Max Response Time,Average Content Size,Requests/s,Failures/s,50%,66%,75%,80%,90%,95%,98%,99%,99.9%,99.99%,100%
,Aggregated,3993,2,45,56.90144037164712,1.8171629999415018,1336.2640680002187,182.5359378913098,137.37459720712778,0.06880771209973842,45,51,55,59,73,110,350,430,1300,1300,1300
