Type,Name,Request Count,Failure Count,Median Response Time,Average Response Time,Min Response Time,Max Response Time,Average Content Size,Requests/s,Failures/s,50%,66%,75%,80%,90%,95%,98%,99%,99.9%,99.99%,100%
,Aggregated,3730,0,42,54.445391604291714,1.5981760002432566,1320.1340780001374,183.21260053619304,128.2829138566397,0.0,42,47,52,55,69,110,350,440,1100,1300,1300
