Type,Name,Request Count,Failure Count,Median Response Time,Average Response Time,Min Response Time,Max Response Time,Average Content Size,Requests/s,Failures/s,50%,66%,75%,80%,90%,95%,98%,99%,99.9%,99.99%,100%
,Aggregated,3480,0,45,57.48831114281547,1.7731110001477646,829.139712000142,162.28218390804597,119.50262526366542,0.0,45,53,58,63,78,110,380,470,620,830,830
