Type,Name,Request Count,Failure Count,Median Response Time,Average Response Time,Min Response Time,Max Response Time,Average Content Size,Requests/s,Failures/s,50%,66%,75%,80%,90%,95%,98%,99%,99.9%,99.99%,100%
,Aggregated,3738,3,45,56.76051238256409,1.5451190001840587,1089.8139679998167,172.51578384162653,128.51526752744957,0.10314226928366738,45,51,57,60,74,110,350,440,950,1100,1100
