Type,Name,Request Count,Failure Count,Median Response Time,Average Response Time,Min Response Time,Max Response Time,Average Content Size,Requests/s,Failures/s,50%,66%,75%,80%,90%,95%,98%,99%,99.9%,99.99%,100%
,Aggregated,2273,18,53,622.3645405235397,1.774930999999924,9963.534386999982,168.76990761108667,78.15904268395755,0.6189453446155899,53,75,140,200,2300,5100,5800,6000,9800,10000,10000
