Type,Name,Request Count,Failure Count,Median Response Time,Average Response Time,Min Response Time,Max Response Time,Average Content Size,Requests/s,Failures/s,50%,66%,75%,80%,90%,95%,98%,99%,99.9%,99.99%,100%
,Aggregated,3902,2,44,54.08849089570119,1.510526999936701,707.958611000322,177.5310097385956,134.10011910251512,0.06873404361994626,44,50,55,60,78,120,260,390,610,710,710
