Type,Name,Request Count,Failure Count,Median Response Time,Average Response Time,Min Response Time,Max Response Time,Average Content Size,Requests/s,Failures/s,50%,66%,75%,80%,90%,95%,98%,99%,99.9%,99.99%,100%
,Aggregated,3731,1,45,57.468079024935406,1.7667470001470065,868.5539170000993,172.59823103725543,128.1996521746539,0.03436066796425996,45,51,56,60,74,140,390,440,660,870,870
