Type,Name,Request Count,Failure Count,Median Response Time,Average Response Time,Min Response Time,Max Response Time,Average Content Size,Requests/s,Failures/s,50%,66%,75%,80%,90%,95%,98%,99%,99.9%,99.99%,100%
,Aggregated,3895,0,46,55.95884240359322,1.6795229998933792,722.886772000038,178.97894736842105,133.9373809341998,0.0,46,52,57,62,79,110,320,420,590,720,720
