Type,Name,Request Count,Failure Count,Median Response Time,Average Response Time,Min Response Time,Max Response Time,Average Content Size,Requests/s,Failures/s,50%,66%,75%,80%,90%,95%,98%,99%,99.9%,99.99%,100%
,Aggregated,153,0,26,44.13006368628463,5.69804099995963,625.1953109999704,180.51633986928104,5.265851243530048,0.0,26,32,38,41,64,240,330,350,630,630,630
