Type,Name,Request Count,Failure Count,Median Response Time,Average Response Time,Min Response Time,Max Response Time,Average Content Size,Requests/s,Failures/s,50%,66%,75%,80%,90%,95%,98%,99%,99.9%,99.99%,100%
,Aggregated,2409,1,30,55.09129449232006,1.5430989997184952,1198.7954850001188,189.25487754254877,82.8205049882123,0.034379620169453014,30,39,46,51,82,260,380,630,1000,1200,1200
