Type,Name,Request Count,Failure Count,Median Response Time,Average Response Time,Min Response Time,Max Response Time,Average Content Size,Requests/s,Failures/s,50%,66%,75%,80%,90%,95%,98%,99%,99.9%,99.99%,100%
,Aggregated,2780,1,31,57.36133180611427,2.0136080001975643,1425.5021379999562,198.27410071942447,95.55469089527807,0.034372190969524485,31,38,44,49,83,270,400,640,1300,1400,1400
