Type,Name,Request Count,Failure Count,Median Response Time,Average Response Time,Min Response Time,Max Response Time,Average Content Size,Requests/s,Failures/s,50%,66%,75%,80%,90%,95%,98%,99%,99.9%,99.99%,100%
,Aggregated,2790,0,32,57.25706020394577,1.631112000268331,1132.2820989998945,186.1215053763441,95.99100937911757,0.0,32,40,47,53,78,270,400,680,1000,1100,1100
