Type,Name,Request Count,Failure Count,Median Response Time,Average Response Time,Min Response Time,Max Response Time,Average Content Size,Requests/s,Failures/s,50%,66%,75%,80%,90%,95%,98%,99%,99.9%,99.99%,100%
,Aggregated,2930,5,30,51.681489582251146,1.578981999955431,1070.9880680001334,174.80580204778158,100.72099476092777,0.1718788306500474,30,38,44,49,72,210,330,610,850,1100,1100
