Type,Name,Request Count,Failure Count,Median Response Time,Average Response Time,Min Response Time,Max Response Time,Average Content Size,Requests/s,Failures/s,50%,66%,75%,80%,90%,95%,98%,99%,99.9%,99.99%,100%
,Aggregated,117,0,39,101.60944336909864,2.78895502560772,958.3058640128002,184.65811965811966,3.9040443116507824,0.0,39,44,46,48,450,600,870,880,960,960,960
