Type,Name,Request Count,Failure Count,Median Response Time,Average Response Time,Min Response Time,Max Response Time,Average Content Size,Requests/s,Failures/s,50%,66%,75%,80%,90%,95%,98%,99%,99.9%,99.99%,100%
,Aggregated,3131,3,30,50.58921329703185,1.517091999630793,1162.1358279999185,182.04694985627594,107.61317964798752,0.10311067995655145,30,38,45,49,68,220,300,580,930,1200,1200
