Type,Name,Request Count,Failure Count,Median Response Time,Average Response Time,Min Response Time,Max Response Time,Average Content Size,Requests/s,Failures/s,50%,66%,75%,80%,90%,95%,98%,99%,99.9%,99.99%,100%
,Aggregated,3413,2,28,52.551945081746126,1.594455000031303,2171.553569000025,184.79167887489012,117.32506193899228,0.06875186752944171,28,36,42,46,74,260,310,430,2100,2200,2200
