Type,Name,Request Count,Failure Count,Median Response Time,Average Response Time,Min Response Time,Max Response Time,Average Content Size,Requests/s,Failures/s,50%,66%,75%,80%,90%,95%,98%,99%,99.9%,99.99%,100%
,Aggregated,3400,3,29,54.376101912062836,1.8401590000394208,1584.8090790000242,175.33617647058824,116.8034935044335,0.10306190603332369,29,37,44,49,76,240,380,640,890,1600,1600
