Type,Name,Request Count,Failure Count,Median Response Time,Average Response Time,Min Response Time,Max Response Time,Average Content Size,Requests/s,Failures/s,50%,66%,75%,80%,90%,95%,98%,99%,99.9%,99.99%,100%
,Aggregated,3674,0,33,66.00231175830457,1.5741659999548574,1371.313156999804,183.69324986390853,126.1993698529314,0.0,33,44,52,61,150,290,460,590,980,1400,1400
