Type,Name,Request Count,Failure Count,Median Response Time,Average Response Time,Min Response Time,Max Response Time,Average Content Size,Requests/s,Failures/s,50%,66%,75%,80%,90%,95%,98%,99%,99.9%,99.99%,100%
,Aggregated,323,0,27,51.31548949531929,2.826677000030031,832.8505429999495,176.030959752322,11.111492885564958,0.0,27,34,41,45,73,220,350,610,830,830,830
