Type,Name,Request Count,Failure Count,Median Response Time,Average Response Time,Min Response Time,Max Response Time,Average Content Size,Requests/s,Failures/s,50%,66%,75%,80%,90%,95%,98%,99%,99.9%,99.99%,100%
,Aggregated,3950,0,36,62.58649323696037,1.6531360001863504,1184.6728030000122,183.58632911392405,135.8282730625718,0.0,36,46,55,63,110,270,460,630,940,1200,1200
