Type,Name,Request Count,Failure Count,Median Response Time,Average Response Time,Min Response Time,Max Response Time,Average Content Size,Requests/s,Failures/s,50%,66%,75%,80%,90%,95%,98%,99%,99.9%,99.99%,100%
,Aggregated,4051,0,30,52.846122823996716,1.6519169998900907,1361.0583970003063,188.2861021969884,139.10766196084094,0.0,30,39,45,50,74,240,360,550,1100,1400,1400
