Type,Name,Request Count,Failure Count,Median Response Time,Average Response Time,Min Response Time,Max Response Time,Average Content Size,Requests/s,Failures/s,50%,66%,75%,80%,90%,95%,98%,99%,99.9%,99.99%,100%
,Aggregated,4235,21,29,57.22796807792292,1.7827440001383366,1559.6033040001203,175.08902007083825,145.39224693256298,0.7209532905746925,29,38,44,49,84,270,450,600,1100,1600,1600
