Type,Name,Request Count,Failure Count,Median Response Time,Average Response Time,Min Response Time,Max Response Time,Average Content Size,Requests/s,Failures/s,50%,66%,75%,80%,90%,95%,98%,99%,99.9%,99.99%,100%
,Aggregated,4278,2,28,55.41574452594526,1.493538999966404,1182.049126000038,177.01916783543712,146.96365749611294,0.06870671224689712,28,36,43,47,65,270,490,620,1100,1200,1200
