Type,Name,Request Count,Failure Count,Median Response Time,Average Response Time,Min Response Time,Max Response Time,Average Content Size,Requests/s,Failures/s,50%,66%,75%,80%,90%,95%,98%,99%,99.9%,99.99%,100%
,Aggregated,4494,3,30,54.202129025365444,1.801143000193406,1229.6013390000553,177.82754784156654,154.28096458348156,0.10299129811981413,30,39,45,49,70,250,450,600,870,1200,1200
