Type,Name,Request Count,Failure Count,Median Response Time,Average Response Time,Min Response Time,Max Response Time,Average Content Size,Requests/s,Failures/s,50%,66%,75%,80%,90%,95%,98%,99%,99.9%,99.99%,100%
,Aggregated,285,0,37,49.74478398615151,2.1083650062792003,700.13499900233,173.31578947368422,9.510358525485008,0.0,37,41,43,46,60,120,330,400,700,700,700
