Type,Name,Request Count,Failure Count,Median Response Time,Average Response Time,Min Response Time,Max Response Time,Average Content Size,Requests/s,Failures/s,50%,66%,75%,80%,90%,95%,98%,99%,99.9%,99.99%,100%
,Aggregated,4748,1,30,59.51188366807053,1.5824429997337575,1280.74016499977,181.61078348778432,163.06329188944053,0.03434357453442303,30,38,44,49,70,270,570,700,1100,1300,1300
