Type,Name,Request Count,Failure Count,Median Response Time,Average Response Time,Min Response Time,Max Response Time,Average Content Size,Requests/s,Failures/s,50%,66%,75%,80%,90%,95%,98%,99%,99.9%,99.99%,100%
,Aggregated,4938,8,26,45.6533491810499,1.682772000094701,1159.690812000008,177.1253543944917,169.8155312355542,0.2751162919976577,26,33,38,43,61,150,350,540,1000,1200,1200
