Type,Name,Request Count,Failure Count,Median Response Time,Average Response Time,Min Response Time,Max Response Time,Average Content Size,Requests/s,Failures/s,50%,66%,75%,80%,90%,95%,98%,99%,99.9%,99.99%,100%
,Aggregated,4283,2,27,60.497575634835286,1.7094419999921229,1137.6847430001362,159.79010039691804,147.02824404715477,0.06865666310864103,27,34,41,45,72,290,610,760,860,1100,1100
