Type,Name,Request Count,Failure Count,Median Response Time,Average Response Time,Min Response Time,Max Response Time,Average Content Size,Requests/s,Failures/s,50%,66%,75%,80%,90%,95%,98%,99%,99.9%,99.99%,100%
,Aggregated,4935,2,33,70.04326311387858,1.502474000062648,2099.2753299997275,169.85856129685916,169.39690804606025,0.06865122919799808,33,43,52,61,120,270,610,770,1800,2100,2100
