Type,Name,Request Count,Failure Count,Median Response Time,Average Response Time,Min Response Time,Max Response Time,Average Content Size,Requests/s,Failures/s,50%,66%,75%,80%,90%,95%,98%,99%,99.9%,99.99%,100%
,Aggregated,422,0,37,80.53258848936579,2.110509987687692,2530.7160670054145,178.4478672985782,14.078847869942608,0.0,37,40,43,45,58,310,580,2100,2500,2500,2500
