Type,Name,Request Count,Failure Count,Median Response Time,Average Response Time,Min Response Time,Max Response Time,Average Content Size,Requests/s,Failures/s,50%,66%,75%,80%,90%,95%,98%,99%,99.9%,99.99%,100%
,Aggregated,5136,147,27,57.64430200662245,1.9633890001387044,1759.6316710000792,163.74669003115264,176.47922723956165,5.0510993777678275,27,34,40,45,68,260,620,770,1000,1800,1800
