Type,Name,Request Count,Failure Count,Median Response Time,Average Response Time,Min Response Time,Max Response Time,Average Content Size,Requests/s,Failures/s,50%,66%,75%,80%,90%,95%,98%,99%,99.9%,99.99%,100%
,Aggregated,5236,12,28,60.78290147326293,1.693680999778735,1350.9795570003007,174.6585179526356,179.34515780319504,0.41102786356729193,28,36,42,46,63,280,650,840,1100,1400,1400
