Type,Name,Request Count,Failure Count,Median Response Time,Average Response Time,Min Response Time,Max Response Time,Average Content Size,Requests/s,Failures/s,50%,66%,75%,80%,90%,95%,98%,99%,99.9%,99.99%,100%
,Aggregated,4014,1,30,64.64504318883542,1.8182600001637184,1178.210001000025,156.4865470852018,137.7900513127478,0.034327367043534576,30,40,45,49,72,320,620,790,1100,1200,1200
