Type,Name,Request Count,Failure Count,Median Response Time,Average Response Time,Min Response Time,Max Response Time,Average Content Size,Requests/s,Failures/s,50%,66%,75%,80%,90%,95%,98%,99%,99.9%,99.99%,100%
,Aggregated,4792,0,30,66.86749863773002,1.6754390003370645,1335.4842519997874,156.92883973288815,164.65896612223537,0.0,30,40,48,54,93,310,630,810,1300,1300,1300
