Type,Name,Request Count,Failure Count,Median Response Time,Average Response Time,Min Response Time,Max Response Time,Average Content Size,Requests/s,Failures/s,50%,66%,75%,80%,90%,95%,98%,99%,99.9%,99.99%,100%
,Aggregated,5990,79,26,49.942804960100965,1.9015100001524843,2312.227075999999,181.79899833055092,205.33966876177763,2.7081525596294544,26,32,36,40,66,220,400,610,1100,2300,2300
