Type,Name,Request Count,Failure Count,Median Response Time,Average Response Time,Min Response Time,Max Response Time,Average Content Size,Requests/s,Failures/s,50%,66%,75%,80%,90%,95%,98%,99%,99.9%,99.99%,100%
,Aggregated,5199,14,28,68.12753997961289,1.767778999692382,3186.243652999565,164.0713598768994,178.4500085283906,0.4805347411805095,28,34,40,46,82,320,650,960,1300,3200,3200
