Type,Name,Request Count,Failure Count,Median Response Time,Average Response Time,Min Response Time,Max Response Time,Average Content Size,Requests/s,Failures/s,50%,66%,75%,80%,90%,95%,98%,99%,99.9%,99.99%,100%
,Aggregated,5861,7,27,70.60763886691673,1.61689300011858,1639.0449750001608,170.39276573963488,201.11450112852154,0.24019817572080715,27,34,39,43,76,350,780,1100,1500,1600,1600
