Type,Name,Request Count,Failure Count,Median Response Time,Average Response Time,Min Response Time,Max Response Time,Average Content Size,Requests/s,Failures/s,50%,66%,75%,80%,90%,95%,98%,99%,99.9%,99.99%,100%
,Aggregated,524,0,28,43.08923895610906,2.331445999971038,846.6321780001635,173.8320610687023,18.046752703319545,0.0,28,34,40,44,73,120,280,310,850,850,850
