Type,Name,Request Count,Failure Count,Median Response Time,Average Response Time,Min Response Time,Max Response Time,Average Content Size,Requests/s,Failures/s,50%,66%,75%,80%,90%,95%,98%,99%,99.9%,99.99%,100%
,Aggregated,691,0,29,57.975237437042594,1.9417620001149771,1177.802334000262,164.48335745296671,23.828790430979723,0.0,29,35,39,43,66,280,590,670,1200,1200,1200
