Type,Name,Request Count,Failure Count,Median Response Time,Average Response Time,Min Response Time,Max Response Time,Average Content Size,Requests/s,Failures/s,50%,66%,75%,80%,90%,95%,98%,99%,99.9%,99.99%,100%
,Aggregated,1050,0,29,55.992535223812446,1.6973350002444931,1128.0088120001892,175.2247619047619,36.096426215300475,0.0,29,37,45,51,77,270,450,620,1100,1100,1100
