Type,Name,Request Count,Failure Count,Median Response Time,Average Response Time,Min Response Time,Max Response Time,Average Content Size,Requests/s,Failures/s,50%,66%,75%,80%,90%,95%,98%,99%,99.9%,99.99%,100%
,Aggregated,1153,0,32,69.07726611534842,2.260102000036568,1216.1703239999042,186.32003469210755,39.749050969020445,0.0,32,42,52,60,200,290,450,610,1200,1200,1200
