Type,Name,Request Count,Failure Count,Median Response Time,Average Response Time,Min Response Time,Max Response Time,Average Content Size,Requests/s,Failures/s,50%,66%,75%,80%,90%,95%,98%,99%,99.9%,99.99%,100%
,Aggregated,1323,0,30,54.05396379591753,1.9040789998143737,808.6257819995808,178.1201814058957,45.44535070203041,0.0,30,38,44,49,82,270,330,600,790,810,810
