Type,Name,Request Count,Failure Count,Median Response Time,Average Response Time,Min Response Time,Max Response Time,Average Content Size,Requests/s,Failures/s,50%,66%,75%,80%,90%,95%,98%,99%,99.9%,99.99%,100%
,Aggregated,1536,0,29,58.13806548827665,1.4457100000981882,1187.7974809999614,177.44140625,52.86627531183503,0.0,29,36,41,45,77,270,610,650,1100,1200,1200
