Type,Name,Request Count,Failure Count,Median Response Time,Average Response Time,Min Response Time,Max Response Time,Average Content Size,Requests/s,Failures/s,50%,66%,75%,80%,90%,95%,98%,99%,99.9%,99.99%,100%
,Aggregated,1550,0,33,61.23191607483813,1.6598460001659987,1205.62296099979,179.41612903225806,53.2726268089692,0.0,33,44,56,66,120,270,350,600,960,1200,1200
