Type,Name,Request Count,Failure Count,Median Response Time,Average Response Time,Min Response Time,Max Response Time,Average Content Size,Requests/s,Failures/s,50%,66%,75%,80%,90%,95%,98%,99%,99.9%,99.99%,100%
,Aggregated,1779,0,29,46.32247450141014,1.8611909999890486,864.5110190000196,185.49634626194492,61.24425714855691,0.0,29,36,41,45,66,220,290,350,650,860,860
