Type,Name,Request Count,Failure Count,Median Response Time,Average Response Time,Min Response Time,Max Response Time,Average Content Size,Requests/s,Failures/s,50%,66%,75%,80%,90%,95%,98%,99%,99.9%,99.99%,100%
,Aggregated,1701,0,31,53.687904225160025,2.071493000130431,1136.9734019999669,178.3503821281599,58.545490723280594,0.0,31,39,45,49,77,270,310,480,880,1100,1100
