Type,Name,Request Count,Failure Count,Median Response Time,Average Response Time,Min Response Time,Max Response Time,Average Content Size,Requests/s,Failures/s,50%,66%,75%,80%,90%,95%,98%,99%,99.9%,99.99%,100%
,Aggregated,2161,1,30,64.28229795927606,1.680172999840579,1070.073357000183,178.34243405830634,74.31562568700659,0.03438946121564395,30,39,46,53,100,280,600,670,850,1100,1100
