Type,Name,Request Count,Failure Count,Median Response Time,Average Response Time,Min Response Time,Max Response Time,Average Content Size,Requests/s,Failures/s,50%,66%,75%,80%,90%,95%,98%,99%,99.9%,99.99%,100%
,Aggregated,2304,2,29,51.47900514106512,1.8649210001058236,1109.949418999804,179.65885416666666,79.20593470337195,0.0687551516522326,29,36,41,46,65,240,340,660,850,1100,1100
