Type,Name,Request Count,Failure Count,Median Response Time,Average Response Time,Min Response Time,Max Response Time,Average Content Size,Requests/s,Failures/s,50%,66%,75%,80%,90%,95%,98%,99%,99.9%,99.99%,100%
,Aggregated,2372,1,33,70.53742338743817,1.5676789998906315,1640.4269800000293,178.94055649241147,81.51757182919924,0.034366598578920424,34,44,50,56,160,300,590,700,1500,1600,1600
